"354180155,""GDAŃSK-ŚWIBNO"",""2020"",""01"",""01"",5.7,"""",-2.0,"""",2.3,"""",-4.2,"""",.0,""9"","""",0,""9"",.0,""9"",.8,"""",.0,""9"",.0,""9"",.0,""9"",.0,""9"",.0,""9"",2.6,"""",.0,""9"",.0,""9"",.0,""9"",.0,""9"",.0,""9"",.0,""9"",.0,""9"",.0,""9"",.0,""9"",7.0,"""",0,"""",0,"""",""Z"",1,"""",0,""9"",0,""8"""
"354180155,""GDAŃSK-ŚWIBNO"",""2020"",""01"",""02"",3.4,"""",-1.0,"""",.6,"""",-2.6,"""",.0,""9"","""",0,""9"",.0,""9"",2.5,"""",.0,""9"",.0,""9"",.0,""9"",.0,""9"",.0,""9"",.0,""9"",.0,""9"",.0,""9"",.0,""9"",.0,""9"",.0,""9"",.0,""9"",.0,""9"",.0,""9"",.0,""9"",23.0,"""",0,"""",0,"""",""Z"",1,"""",0,""9"",0,""8"""
"354180155,""GDAŃSK-ŚWIBNO"",""2020"",""01"",""03"",3.8,"""",-2.3,"""",1.8,"""",-3.7,"""",2.2,"""",""W"",0,""9"",.0,""9"",.1,"""",3.2,"""",.0,""9"",.0,""9"",.0,""9"",.0,""9"",1.3,"""",.0,""9"",.0,""9"",.0,""9"",.0,""9"",.0,""9"",.0,""9"",.0,""9"",.0,""9"",.0,""9"",8.0,"""",0,"""",0,"""",""Z"",7,"""",0,""9"",0,""8"""
"354180155,""GDAŃSK-ŚWIBNO"",""2020"",""01"",""04"",5.5,"""",1.1,"""",3.7,"""",.2,"""",2.4,"""",""S"",0,""9"",.0,""9"",.0,""9"",3.3,"""",.0,""9"",.2,"""",.0,""9"",.0,""9"",.0,""9"",.0,""9"",.0,""9"",.0,""9"",.0,""9"",.0,""9"",.0,""9"",.0,""9"",.0,""9"",.0,""9"",.0,""9"",0,"""",0,"""",""R"",0,""9"",0,""9"",0,""8"""
"354180155,""GDAŃSK-ŚWIBNO"",""2020"",""01"",""05"",4.5,"""",-1.6,"""",2.4,"""",-3.9,"""",.7,"""",""S"",0,""9"",.0,""9"",3.4,"""",.0,""9"",.6,"""",.0,""9"",.0,""9"",.0,""9"",.0,""9"",.0,""9"",.0,""9"",.0,""9"",.0,""9"",.0,""9"",.2,"""",.0,""9"",.0,""9"",.0,""9"",.0,""9"",0,"""",0,"""",""R"",0,""9"",0,""9"",0,""8"""
"354180155,""GDAŃSK-ŚWIBNO"",""2020"",""01"",""06"",4.5,"""",-.9,"""",2.3,"""",-2.4,"""",.1,"""",""W"",0,"""",.0,""9"",.5,"""",3.6,"""",1.0,"""",1.9,"""",.0,""9"",.0,""9"",14.3,"""",.0,""9"",.0,""9"",.0,""9"",.0,""9"",.0,""9"",.0,""9"",.0,""9"",.0,""9"",.0,""9"",.0,""9"",0,"""",0,"""",""Z"",1,"""",0,""9"",0,""8"""
"354180155,""GDAŃSK-ŚWIBNO"",""2020"",""01"",""07"",3.2,"""",2.0,"""",2.5,"""",1.8,"""",.0,""9"","""",0,""9"",.0,""9"",.0,""9"",1.8,"""",.0,""9"",.0,""9"",.0,""9"",.0,""9"",24.0,"""",.0,""9"",.0,""9"",.0,""9"",.0,""9"",.0,""9"",.0,""9"",.0,""9"",.0,""9"",.0,""9"",.0,""9"",0,"""",0,"""",""R"",0,""9"",0,""9"",0,""8"""
"354180155,""GDAŃSK-ŚWIBNO"",""2020"",""01"",""08"",6.0,"""",1.8,"""",4.3,"""",.9,"""",.1,"""",""W"",0,""9"",.0,""9"",.0,""9"",1.2,"""",.0,""9"",.0,""9"",.0,""9"",.0,""9"",10.1,"""",.0,""9"",.0,""9"",.0,""9"",.0,""9"",.0,""9"",.0,""9"",.0,""9"",.0,""9"",.0,""9"",.0,""9"",0,"""",0,"""",""R"",0,""9"",0,""9"",0,""8"""
"354180155,""GDAŃSK-ŚWIBNO"",""2020"",""01"",""09"",7.1,"""",1.0,"""",5.1,"""",-2.1,"""",.5,"""",""W"",0,""9"",.0,""9"",3.1,"""",3.1,"""",.0,""9"",.0,""9"",.0,""9"",.5,"""",19.9,"""",.0,""9"",.0,""9"",.0,""9"",.0,""9"",.0,""9"",.0,""9"",.0,""9"",.0,""9"",.0,""9"",6.0,"""",0,"""",0,"""",""R"",0,""9"",0,""9"",0,""8"""
"354180155,""GDAŃSK-ŚWIBNO"",""2020"",""01"",""10"",9.8,"""",6.4,"""",8.1,"""",5.9,"""",7.7,"""",""W"",0,""9"",.0,""9"",.0,""9"",7.4,"""",.0,""9"",.0,""9"",.0,""9"",.0,""9"",14.7,"""",.0,""9"",.0,""9"",.0,""9"",.0,""9"",.0,""9"",.0,""9"",.0,""9"",.0,""9"",.0,""9"",.0,""9"",0,"""",0,"""",""R"",0,""9"",0,""9"",0,""8"""
"354180155,""GDAŃSK-ŚWIBNO"",""2020"",""01"",""11"",9.1,"""",3.2,"""",4.8,"""",.8,"""",.0,""9"","""",0,""9"",.0,""9"",.2,"""",1.6,"""",.0,""9"",.0,""9"",.0,""9"",.0,""9"",.0,""9"",.0,""9"",.0,""9"",.0,""9"",.0,""9"",.0,""9"",.0,""9"",.0,""9"",.0,""9"",.0,""9"",.0,""9"",0,"""",0,"""",""R"",0,""9"",0,""9"",0,""8"""
"354180155,""GDAŃSK-ŚWIBNO"",""2020"",""01"",""12"",4.7,"""",2.7,"""",3.5,"""",1.9,"""",.8,"""",""W"",0,""9"",.0,""9"",.0,""9"",2.2,"""",.0,""9"",.0,""9"",.0,""9"",.0,""9"",.0,""9"",.0,""9"",.0,""9"",.0,""9"",.0,""9"",.0,""9"",.0,""9"",.0,""9"",.0,""9"",.0,""9"",.0,""9"",0,"""",0,"""",""R"",0,""9"",0,""9"",0,""8"""
"354180155,""GDAŃSK-ŚWIBNO"",""2020"",""01"",""13"",6.7,"""",3.1,"""",5.0,"""",2.5,"""",.0,"""",""W"",0,""9"",.0,""9"",.2,"""",1.4,"""",.0,""9"",.0,""9"",.0,""9"",.0,""9"",5.1,"""",.0,""9"",.0,""9"",.0,""9"",.0,""9"",.0,""9"",.0,""9"",.0,""9"",.0,""9"",.0,""9"",.0,""9"",0,"""",0,"""",""R"",0,""9"",0,""9"",0,""8"""
"354180155,""GDAŃSK-ŚWIBNO"",""2020"",""01"",""14"",5.6,"""",1.8,"""",4.2,"""",-.5,"""",.0,"""",""W"",0,""9"",.0,""9"",1.1,"""",3.0,"""",.0,""9"",.0,""9"",.0,""9"",.0,""9"",8.4,"""",.0,""9"",.0,""9"",.0,""9"",.0,""9"",.0,""9"",1.0,"""",.0,""9"",.0,""9"",.0,""9"",.0,""9"",0,"""",0,"""",""R"",0,""9"",0,""9"",0,""8"""
"354180155,""GDAŃSK-ŚWIBNO"",""2020"",""01"",""15"",9.6,"""",3.2,"""",5.9,"""",2.3,"""",.0,""9"","""",0,""9"",.0,""9"",1.8,"""",.0,""9"",.0,""9"",.0,""9"",.0,""9"",.0,""9"",.0,""9"",.0,""9"",.0,""9"",.0,""9"",.0,""9"",.0,""9"",.0,""9"",.0,""9"",.0,""9"",.0,""9"",.0,""9"",0,"""",0,"""",""R"",0,""9"",0,""9"",0,""8"""
"354180155,""GDAŃSK-ŚWIBNO"",""2020"",""01"",""16"",8.6,"""",1.6,"""",4.5,"""",-1.8,"""",.0,""9"","""",0,""9"",.0,""9"",6.9,"""",.0,""9"",.0,""9"",.0,""9"",.0,""9"",.0,""9"",6.9,"""",.0,""9"",.0,""9"",.0,""9"",.0,""9"",.0,""9"",.0,""9"",.0,""9"",.0,""9"",.0,""9"",5.0,"""",0,"""",0,"""",""R"",0,""9"",0,""9"",0,""8"""
"354180155,""GDAŃSK-ŚWIBNO"",""2020"",""01"",""17"",4.8,"""",-2.1,"""",1.3,"""",-4.3,"""",.0,""9"","""",0,""9"",.0,""9"",6.8,"""",.0,""9"",.0,""9"",.0,""9"",.0,""9"",.0,""9"",22.9,"""",.0,""9"",.0,""9"",.0,""9"",.0,""9"",.0,""9"",.0,""9"",.0,""9"",.0,""9"",.0,""9"",13.0,"""",0,"""",0,"""",""Z"",1,"""",0,""9"",0,""8"""
"354180155,""GDAŃSK-ŚWIBNO"",""2020"",""01"",""18"",6.5,"""",1.1,"""",3.1,"""",.3,"""",.0,""9"","""",0,""9"",.0,""9"",.0,""9"",.0,""9"",.0,""9"",.0,""9"",.0,""9"",.0,""9"",13.1,"""",.0,""9"",.0,""9"",.0,""9"",.0,""9"",.0,""9"",.0,""9"",.0,""9"",.0,""9"",.0,""9"",.0,""9"",0,"""",0,"""",""R"",0,""9"",0,""9"",0,""8"""
"354180155,""GDAŃSK-ŚWIBNO"",""2020"",""01"",""19"",4.5,"""",-.7,"""",2.3,"""",-3.0,"""",.0,""9"","""",0,""9"",.0,""9"",.0,""9"",.0,""9"",.0,""9"",.0,""9"",.0,""9"",.0,""9"",1.8,"""",.0,""9"",.0,""9"",.0,""9"",.0,""9"",.0,""9"",.0,""9"",.0,""9"",.0,""9"",.0,""9"",8.0,"""",0,"""",0,"""",""Z"",1,"""",0,""9"",0,""8"""
"354180155,""GDAŃSK-ŚWIBNO"",""2020"",""01"",""20"",6.7,"""",.1,"""",3.0,"""",-1.4,"""",.0,""9"","""",0,""9"",.0,""9"",7.2,"""",.0,""9"",.0,""9"",.0,""9"",.0,""9"",.0,""9"",.0,""9"",.0,""9"",.0,""9"",.0,""9"",.0,""9"",.0,""9"",.0,""9"",.0,""9"",.0,""9"",.0,""9"",5.0,"""",0,"""",0,"""",""R"",0,""9"",0,""9"",0,""8"""
"354180155,""GDAŃSK-ŚWIBNO"",""2020"",""01"",""21"",5.8,"""",.9,"""",4.9,"""",-.8,"""",.2,"""",""W"",0,""9"",.0,""9"",.0,""9"",.9,"""",.0,""9"",.0,""9"",.0,""9"",.0,""9"",.0,""9"",.0,""9"",.0,""9"",.0,""9"",.0,""9"",.0,""9"",.0,""9"",.0,""9"",.0,""9"",.0,""9"",.0,""9"",0,"""",0,"""",""R"",0,""9"",0,""9"",0,""8"""
"354180155,""GDAŃSK-ŚWIBNO"",""2020"",""01"",""22"",7.1,"""",4.9,"""",5.9,"""",3.8,"""",.0,""9"","""",0,""9"",.0,""9"",6.4,"""",1.7,"""",.0,""9"",.0,""9"",.0,""9"",.0,""9"",.0,""9"",.0,""9"",.0,""9"",.0,""9"",.0,""9"",.0,""9"",.3,"""",.0,""9"",.0,""9"",.0,""9"",.0,""9"",0,"""",0,"""",""R"",0,""9"",0,""9"",0,""8"""
"354180155,""GDAŃSK-ŚWIBNO"",""2020"",""01"",""23"",5.1,"""",-3.2,"""",1.0,"""",-4.9,"""",.0,""9"","""",0,""9"",.0,""9"",6.3,"""",.0,""9"",.0,""9"",.0,""9"",.0,""9"",.0,""9"",.0,""9"",.0,""9"",.0,""9"",.0,""9"",.0,""9"",.0,""9"",.0,""9"",.0,""9"",.0,""9"",.0,""9"",9.0,"""",0,"""",0,"""",""Z"",1,"""",0,""9"",0,""8"""
"354180155,""GDAŃSK-ŚWIBNO"",""2020"",""01"",""24"",5.5,"""",2.8,"""",4.2,"""",2.2,"""",.0,"""",""W"",0,""9"",.0,""9"",.0,""9"",.3,"""",.0,""9"",.0,""9"",.0,""9"",.0,""9"",.0,""9"",.0,""9"",.0,""9"",.0,""9"",.0,""9"",.0,""9"",.0,""9"",.0,""9"",.0,""9"",.0,""9"",.0,""9"",0,"""",0,"""",""R"",0,""9"",0,""9"",0,""8"""
"354180155,""GDAŃSK-ŚWIBNO"",""2020"",""01"",""25"",5.6,"""",4.4,"""",4.8,"""",4.1,"""",.0,"""",""W"",0,""9"",.0,""9"",.0,""9"",1.2,"""",.0,""9"",.0,""9"",.0,""9"",.0,""9"",.0,""9"",.0,""9"",.0,""9"",.0,""9"",.0,""9"",.0,""9"",.0,""9"",.0,""9"",.0,""9"",.0,""9"",.0,""9"",0,"""",0,"""",""R"",0,""9"",0,""9"",0,""8"""
"354180155,""GDAŃSK-ŚWIBNO"",""2020"",""01"",""26"",4.6,"""",.6,"""",2.1,"""",.6,"""",.0,""9"","""",0,""9"",.0,""9"",.0,""9"",.5,"""",.0,""9"",.0,""9"",.0,""9"",.0,""9"",7.9,"""",.0,""9"",.0,""9"",.0,""9"",.0,""9"",.0,""9"",.0,""9"",.0,""9"",.0,""9"",.0,""9"",.0,""9"",0,"""",0,"""",""R"",0,""9"",0,""9"",0,""8"""
"354180155,""GDAŃSK-ŚWIBNO"",""2020"",""01"",""27"",2.0,"""",-.5,"""",1.0,"""",-.9,"""",.0,""9"","""",0,""9"",.0,""9"",.0,""9"",.0,""9"",.0,""9"",.0,""9"",.0,""9"",1.1,"""",18.7,"""",.0,""9"",.0,""9"",.0,""9"",.0,""9"",.0,""9"",.0,""9"",.0,""9"",.0,""9"",.0,""9"",.0,""9"",0,"""",0,"""",""R"",0,""9"",0,""9"",0,""8"""
"354180155,""GDAŃSK-ŚWIBNO"",""2020"",""01"",""28"",4.5,"""",.6,"""",2.8,"""",.0,"""",1.9,"""",""W"",0,""9"",.0,""9"",.0,""9"",9.2,"""",.0,""9"",.0,""9"",.0,""9"",.0,""9"",21.7,"""",.0,""9"",.0,""9"",.0,""9"",.0,""9"",.0,""9"",.0,""9"",.0,""9"",.0,""9"",.0,""9"",.0,""9"",0,"""",0,"""",""R"",0,""9"",0,""9"",0,""8"""
"354180155,""GDAŃSK-ŚWIBNO"",""2020"",""01"",""29"",4.7,"""",1.6,"""",2.8,"""",-.8,"""",.5,"""",""W"",0,""9"",.0,""9"",1.0,"""",10.9,"""",.0,""9"",.0,""9"",.0,""9"",.0,""9"",.0,""9"",.0,""9"",.0,""9"",.0,""9"",.0,""9"",.0,""9"",.0,""9"",.0,""9"",.0,""9"",.0,""9"",.0,""9"",0,"""",0,"""",""R"",0,""9"",0,""9"",0,""8"""
"354180155,""GDAŃSK-ŚWIBNO"",""2020"",""01"",""30"",4.3,"""",.5,"""",3.6,"""",-1.6,"""",6.3,"""",""W"",0,""9"",.0,""9"",.0,""9"",4.7,"""",.0,""9"",.0,""9"",.0,""9"",.0,""9"",.0,""9"",.0,""9"",.0,""9"",.0,""9"",.0,""9"",.0,""9"",.0,""9"",.0,""9"",.0,""9"",.0,""9"",.0,""9"",0,"""",0,"""",""R"",0,""9"",0,""9"",0,""8"""
"354180155,""GDAŃSK-ŚWIBNO"",""2020"",""01"",""31"",8.6,"""",3.8,"""",6.4,"""",3.0,"""",.7,"""",""W"",0,""9"",.0,""9"",.0,""9"",10.7,"""",.0,""9"",.0,""9"",.0,""9"",.0,""9"",2.7,"""",.0,""9"",.0,""9"",.0,""9"",.0,""9"",.0,""9"",.0,""9"",.0,""9"",.0,""9"",.0,""9"",.0,""9"",0,"""",0,"""",""R"",0,""9"",0,""9"",0,""8"""
"354190160,""ELBLĄG-MILEJEWO"",""2020"",""01"",""01"",4.4,"""",-1.2,"""",1.2,"""",-1.8,"""",.0,""9"","""",0,""9"",.0,""9"",.7,"""",.0,""9"",.0,""9"",.0,""9"",.0,""9"",2.0,"""",8.0,"""",2.8,"""",.0,""9"",.0,""9"",.0,""9"",.0,""9"",.0,""9"",.0,""9"",.0,""9"",.0,""9"",4.9,"""",0,"""",0,"""",""Z"",1,"""",0,""9"",0,""8"""
"354190160,""ELBLĄG-MILEJEWO"",""2020"",""01"",""02"",2.1,"""",-1.7,"""",.1,"""",-1.9,"""",.0,""9"","""",0,""9"",.0,""9"",.7,"""",.0,""9"",.0,""9"",.0,""9"",.0,""9"",.0,""9"",3.8,"""",.0,""9"",.0,""9"",.0,""9"",.0,""9"",.0,""9"",4.1,"""",.0,""9"",.0,""9"",.0,""9"",10.0,"""",0,"""",0,"""",""Z"",6,"""",0,""9"",0,""8"""
"354190160,""ELBLĄG-MILEJEWO"",""2020"",""01"",""03"",1.9,"""",-2.0,"""",.6,"""",-2.2,"""",7.6,"""",""W"",0,""9"",.0,""9"",.0,""9"",5.7,"""",.0,""9"",.0,""9"",.0,""9"",6.6,"""",10.8,"""",.0,""9"",1.9,"""",.0,""9"",.0,""9"",.0,""9"",1.9,"""",.0,""9"",.0,""9"",.0,""9"",.0,""9"",0,"""",0,"""",""Z"",10,"""",0,""9"",0,""8"""
"354190160,""ELBLĄG-MILEJEWO"",""2020"",""01"",""04"",3.1,"""",.0,"""",1.9,"""",-.1,"""",4.9,"""",""S"",0,""9"",.0,""9"",.0,""9"",2.8,"""",1.7,"""",3.1,"""",.0,""9"",.0,""9"",1.3,"""",.0,""9"",.0,""9"",.0,""9"",.0,""9"",.0,""9"",.0,""9"",.0,""9"",.0,""9"",.0,""9"",.0,""9"",0,"""",0,"""",""R"",0,""9"",0,""9"",0,""8"""
"354190160,""ELBLĄG-MILEJEWO"",""2020"",""01"",""05"",2.5,"""",-2.5,"""",.8,"""",-4.6,"""",1.0,"""",""S"",3,"""",.0,""9"",3.3,"""",.0,""9"",2.5,"""",.0,""9"",.0,""9"",.0,""9"",.0,""9"",.0,""9"",.0,""9"",.0,""9"",.0,""9"",.0,""9"",.0,""9"",.0,""9"",.0,""9"",.0,""9"",.0,""9"",1,"""",0,"""",""R"",0,""9"",0,""9"",0,""8"""
"354190160,""ELBLĄG-MILEJEWO"",""2020"",""01"",""06"",1.5,"""",-2.1,"""",.5,"""",-2.9,"""",2.5,"""",""S"",4,"""",.0,""9"",.0,""9"",11.2,"""",4.7,"""",.3,"""",.0,""9"",16.9,"""",5.8,"""",.0,""9"",1.7,"""",.0,""9"",.0,""9"",.0,""9"",.0,""9"",.0,""9"",.0,""9"",.0,""9"",.0,""9"",1,"""",0,"""",""R"",0,""9"",0,""9"",0,""8"""
"354190160,""ELBLĄG-MILEJEWO"",""2020"",""01"",""07"",1.3,"""",-.1,"""",.7,"""",.1,"""",.1,"""",""S"",0,""9"",.0,""9"",.0,""9"",6.6,"""",.0,""9"",.7,"""",.0,""9"",12.2,"""",11.8,"""",.0,""9"",.0,""9"",.0,""9"",.0,""9"",.0,""9"",.0,""9"",.0,""9"",.0,""9"",.0,""9"",.0,""9"",0,"""",0,"""",""R"",0,""9"",0,""9"",0,""8"""
"354190160,""ELBLĄG-MILEJEWO"",""2020"",""01"",""08"",3.4,"""",.3,"""",2.4,"""",.4,"""",1.8,"""",""W"",0,""9"",.0,""9"",.0,""9"",3.7,"""",.0,""9"",.0,""9"",.0,""9"",3.2,"""",16.3,"""",.0,""9"",.0,""9"",.0,""9"",.0,""9"",.0,""9"",3.8,"""",.0,""9"",.0,""9"",.0,""9"",.0,""9"",0,"""",0,"""",""R"",0,""9"",0,""9"",0,""8"""
"354190160,""ELBLĄG-MILEJEWO"",""2020"",""01"",""09"",5.7,"""",2.0,"""",4.9,"""",.7,"""",6.0,"""",""W"",0,""9"",.0,""9"",3.4,"""",9.4,"""",.0,""9"",.0,""9"",.0,""9"",7.7,"""",16.3,"""",.0,""9"",.0,""9"",.0,""9"",.0,""9"",.0,""9"",.0,""9"",.0,""9"",.0,""9"",.0,""9"",.0,""9"",0,"""",0,"""",""R"",0,""9"",0,""9"",0,""8"""
"354190160,""ELBLĄG-MILEJEWO"",""2020"",""01"",""10"",8.4,"""",5.6,"""",7.1,"""",5.6,"""",16.9,"""",""W"",0,""9"",.0,""9"",.0,""9"",15.8,"""",.0,""9"",.0,""9"",.0,""9"",16.3,"""",2.3,"""",.0,""9"",.0,""9"",.0,""9"",.0,""9"",.0,""9"",.0,""9"",.0,""9"",.0,""9"",.0,""9"",.0,""9"",0,"""",0,"""",""R"",0,""9"",0,""9"",0,""8"""
"354190160,""ELBLĄG-MILEJEWO"",""2020"",""01"",""11"",7.5,"""",1.9,"""",3.2,"""",1.2,"""",.0,""9"","""",0,""9"",.0,""9"",.0,""9"",2.0,"""",.0,""9"",.0,""9"",.0,""9"",.7,"""",1.9,"""",.0,""9"",.0,""9"",.0,""9"",.0,""9"",.0,""9"",.6,"""",.0,""9"",.0,""9"",.0,""9"",.0,""9"",0,"""",0,"""",""R"",0,""9"",0,""9"",0,""8"""
"354190160,""ELBLĄG-MILEJEWO"",""2020"",""01"",""12"",3.2,"""",.9,"""",1.8,"""",.8,"""",3.0,"""",""S"",0,""9"",.0,""9"",.0,""9"",5.1,"""",.0,""9"",.4,"""",.0,""9"",.0,""9"",.5,"""",.0,""9"",.0,""9"",.0,""9"",.0,""9"",.0,""9"",7.6,"""",.0,""9"",.0,""9"",.0,""9"",.0,""9"",0,"""",0,"""",""R"",0,""9"",0,""9"",0,""8"""
"354190160,""ELBLĄG-MILEJEWO"",""2020"",""01"",""13"",4.8,"""",1.2,"""",3.8,"""",.3,"""",.7,"""",""W"",0,""9"",.0,""9"",.1,"""",8.8,"""",.0,""9"",.0,""9"",.0,""9"",.0,""9"",16.2,"""",.0,""9"",.0,""9"",.0,""9"",.0,""9"",.0,""9"",.0,""9"",.0,""9"",.0,""9"",.0,""9"",.0,""9"",0,"""",0,"""",""R"",0,""9"",0,""9"",0,""8"""
"354190160,""ELBLĄG-MILEJEWO"",""2020"",""01"",""14"",5.1,"""",1.9,"""",3.5,"""",2.0,"""",.1,"""",""W"",0,""9"",.0,""9"",2.2,"""",1.8,"""",.0,""9"",.0,""9"",.0,""9"",2.3,"""",10.2,"""",.0,""9"",.0,""9"",.0,""9"",.0,""9"",.0,""9"",.3,"""",.0,""9"",.0,""9"",.0,""9"",.0,""9"",0,"""",0,"""",""R"",0,""9"",0,""9"",0,""8"""
"354190160,""ELBLĄG-MILEJEWO"",""2020"",""01"",""15"",7.2,"""",3.5,"""",5.2,"""",3.1,"""",.0,""9"","""",0,""9"",.0,""9"",2.9,"""",.0,""9"",.0,""9"",.0,""9"",.0,""9"",.0,""9"",.0,""9"",.0,""9"",.0,""9"",.0,""9"",.0,""9"",.0,""9"",1.1,"""",.0,""9"",.0,""9"",.0,""9"",.0,""9"",0,"""",0,"""",""R"",0,""9"",0,""9"",0,""8"""
"354190160,""ELBLĄG-MILEJEWO"",""2020"",""01"",""16"",6.7,"""",1.7,"""",3.5,"""",.2,"""",.0,""9"","""",0,""9"",.0,""9"",6.7,"""",.0,""9"",.0,""9"",.0,""9"",.0,""9"",.0,""9"",.0,""9"",.0,""9"",.0,""9"",.0,""9"",.0,""9"",.0,""9"",.0,""9"",.0,""9"",.0,""9"",4.0,"""",3.0,"""",0,"""",0,"""",""R"",0,""9"",0,""9"",0,""8"""
"354190160,""ELBLĄG-MILEJEWO"",""2020"",""01"",""17"",4.9,"""",.8,"""",2.0,"""",-.3,"""",.0,""9"","""",0,""9"",.0,""9"",7.4,"""",.0,""9"",.0,""9"",.0,""9"",.0,""9"",.0,""9"",12.3,"""",.0,""9"",.0,""9"",.0,""9"",.0,""9"",.0,""9"",.0,""9"",.0,""9"",.0,""9"",.0,""9"",9.0,"""",0,"""",0,"""",""Z"",1,"""",0,""9"",0,""8"""
"354190160,""ELBLĄG-MILEJEWO"",""2020"",""01"",""18"",3.7,"""",.3,"""",2.0,"""",.2,"""",.0,""9"","""",0,""9"",.0,""9"",.0,""9"",.0,""9"",.0,""9"",.0,""9"",.0,""9"",.0,""9"",19.3,"""",.0,""9"",.0,""9"",.0,""9"",.0,""9"",.0,""9"",.0,""9"",.0,""9"",.0,""9"",8.0,"""",.0,""9"",0,"""",0,"""",""R"",0,""9"",0,""9"",0,""8"""
"354190160,""ELBLĄG-MILEJEWO"",""2020"",""01"",""19"",2.8,"""",-1.0,"""",1.4,"""",-1.8,"""",.0,""9"","""",0,""9"",.0,""9"",.0,""9"",.0,""9"",.0,""9"",.0,""9"",.0,""9"",.0,""9"",17.5,"""",.0,""9"",.0,""9"",.0,""9"",.0,""9"",.0,""9"",.0,""9"",.0,""9"",.0,""9"",.0,""9"",9.0,"""",0,"""",0,"""",""Z"",1,"""",0,""9"",0,""8"""
"354190160,""ELBLĄG-MILEJEWO"",""2020"",""01"",""20"",3.6,"""",.8,"""",1.7,"""",.2,"""",.0,""9"","""",0,""9"",.0,""9"",4.1,"""",.0,""9"",.0,""9"",.0,""9"",.0,""9"",.0,""9"",.0,""9"",.0,""9"",.0,""9"",.0,""9"",.0,""9"",.0,""9"",.0,""9"",.0,""9"",.0,""9"",.0,""9"",.0,""9"",0,"""",0,"""",""R"",0,""9"",0,""9"",0,""8"""
"354190160,""ELBLĄG-MILEJEWO"",""2020"",""01"",""21"",3.5,"""",.3,"""",2.2,"""",.2,"""",.7,"""",""W"",0,""9"",.0,""9"",.0,""9"",4.0,"""",.0,""9"",.0,""9"",.0,""9"",.0,""9"",12.4,"""",.0,""9"",.0,""9"",.0,""9"",.0,""9"",.0,""9"",3.6,"""",.0,""9"",.0,""9"",.0,""9"",.0,""9"",0,"""",0,"""",""R"",0,""9"",0,""9"",0,""8"""
"354190160,""ELBLĄG-MILEJEWO"",""2020"",""01"",""22"",5.2,"""",2.9,"""",3.8,"""",2.0,"""",.0,""9"","""",0,""9"",.0,""9"",5.4,"""",2.1,"""",.0,""9"",.0,""9"",.0,""9"",.0,""9"",.0,""9"",.0,""9"",.0,""9"",.0,""9"",.0,""9"",.0,""9"",.0,""9"",.0,""9"",.0,""9"",.0,""9"",.0,""9"",0,"""",0,"""",""R"",0,""9"",0,""9"",0,""8"""
"354190160,""ELBLĄG-MILEJEWO"",""2020"",""01"",""23"",3.1,"""",-1.7,"""",.3,"""",-2.2,"""",.0,"""",""W"",0,""9"",.0,""9"",3.9,"""",.0,""9"",.0,""9"",.0,""9"",.0,""9"",.8,"""",5.5,"""",1.9,"""",.0,""9"",.0,""9"",.0,""9"",.0,""9"",.0,""9"",.0,""9"",.0,""9"",.0,""9"",7.9,"""",0,"""",0,"""",""Z"",5,"""",0,""9"",0,""8"""
"354190160,""ELBLĄG-MILEJEWO"",""2020"",""01"",""24"",1.9,"""",.9,"""",1.7,"""",.9,"""",.0,"""",""W"",0,""9"",.0,""9"",.0,""9"",7.8,"""",.0,""9"",.0,""9"",.0,""9"",.0,""9"",20.5,"""",.0,""9"",.0,""9"",.0,""9"",.0,""9"",.0,""9"",.0,""9"",.0,""9"",.0,""9"",.0,""9"",.0,""9"",0,"""",0,"""",""R"",0,""9"",0,""9"",0,""8"""
"354190160,""ELBLĄG-MILEJEWO"",""2020"",""01"",""25"",3.1,"""",1.8,"""",2.8,"""",1.8,"""",.2,"""",""W"",0,""9"",.0,""9"",.0,""9"",8.9,"""",.0,""9"",.0,""9"",.0,""9"",.0,""9"",19.0,"""",.0,""9"",.0,""9"",.0,""9"",.0,""9"",.0,""9"",.0,""9"",.0,""9"",.0,""9"",.0,""9"",.0,""9"",0,"""",0,"""",""R"",0,""9"",0,""9"",0,""8"""
"354190160,""ELBLĄG-MILEJEWO"",""2020"",""01"",""26"",2.9,"""",-1.1,"""",.2,"""",-.8,"""",.3,"""",""S"",0,""9"",.0,""9"",.0,""9"",13.4,"""",.6,"""",1.2,"""",.0,""9"",10.7,"""",13.4,"""",.0,""9"",8.4,"""",.0,""9"",.0,""9"",.0,""9"",.0,""9"",.0,""9"",.0,""9"",.0,""9"",.0,""9"",0,"""",0,"""",""R"",0,""9"",0,""9"",0,""8"""
"354190160,""ELBLĄG-MILEJEWO"",""2020"",""01"",""27"",.6,"""",-1.9,"""",-.6,"""",-1.7,"""",.0,""9"","""",0,""9"",.0,""9"",.0,""9"",1.8,"""",.0,""9"",.0,""9"",.0,""9"",15.1,"""",8.9,"""",6.9,"""",8.1,"""",.0,""9"",.0,""9"",.0,""9"",.0,""9"",.0,""9"",.0,""9"",.0,""9"",.0,""9"",0,"""",0,"""",""Z"",1,"""",0,""9"",0,""8"""
"354190160,""ELBLĄG-MILEJEWO"",""2020"",""01"",""28"",3.1,"""",.3,"""",1.8,"""",-.1,"""",5.7,"""",""W"",0,""9"",.0,""9"",.0,""9"",12.5,"""",.0,""9"",.0,""9"",.0,""9"",.0,""9"",22.8,"""",.0,""9"",.0,""9"",.0,""9"",.0,""9"",.0,""9"",.0,""9"",.0,""9"",.0,""9"",.0,""9"",.0,""9"",0,"""",0,"""",""R"",0,""9"",0,""9"",0,""8"""
"354190160,""ELBLĄG-MILEJEWO"",""2020"",""01"",""29"",3.1,"""",-.1,"""",1.5,"""",-.1,"""",6.0,"""",""S"",0,""9"",.0,""9"",.2,"""",2.1,"""",2.4,"""",3.2,"""",.0,""9"",.5,"""",6.0,"""",.0,""9"",.0,""9"",.0,""9"",.0,""9"",.0,""9"",1.0,"""",.0,""9"",.0,""9"",.0,""9"",.0,""9"",0,"""",0,"""",""R"",0,""9"",0,""9"",0,""8"""
"354190160,""ELBLĄG-MILEJEWO"",""2020"",""01"",""30"",2.6,"""",.4,"""",2.0,"""",.2,"""",14.2,"""",""S"",0,""9"",.0,""9"",.0,""9"",4.0,"""",3.5,"""",2.6,"""",.0,""9"",6.2,"""",2.5,"""",.0,""9"",.0,""9"",.0,""9"",.0,""9"",.0,""9"",.0,""9"",.0,""9"",.0,""9"",.0,""9"",.0,""9"",0,"""",0,"""",""R"",0,""9"",0,""9"",0,""8"""
"354190160,""ELBLĄG-MILEJEWO"",""2020"",""01"",""31"",6.5,"""",2.2,"""",4.9,"""",2.1,"""",6.4,"""",""W"",0,""9"",.0,""9"",.0,""9"",13.5,"""",.0,""9"",.0,""9"",.0,""9"",.2,"""",13.6,"""",.0,""9"",.0,""9"",.0,""9"",.0,""9"",.0,""9"",.0,""9"",.0,""9"",.0,""9"",.0,""9"",.0,""9"",0,"""",0,"""",""R"",0,""9"",0,""9"",0,""8"""
"354180155,""GDAŃSK-ŚWIBNO"",""2020"",""02"",""01"",11.3,"""",5.3,"""",8.6,"""",3.8,"""",2.5,"""",""W"",0,""9"",.0,""9"",.0,""9"",4.1,"""",.0,""9"",.0,""9"",.0,""9"",.0,""9"",.0,""9"",.0,""9"",.0,""9"",.0,""9"",.0,""9"",.0,""9"",.0,""9"",.0,""9"",.0,""9"",.0,""9"",.0,""9"",0,"""",0,"""",""R"",0,""9"",0,""9"",0,""8"""
"354180155,""GDAŃSK-ŚWIBNO"",""2020"",""02"",""02"",9.7,"""",4.3,"""",5.9,"""",2.9,"""",.0,""9"","""",0,""9"",.0,""9"",2.8,"""",.8,"""",.0,""9"",.0,""9"",.0,""9"",.0,""9"",.0,""9"",.0,""9"",.0,""9"",.0,""9"",.0,""9"",.0,""9"",4.5,"""",.0,""9"",.0,""9"",.0,""9"",.0,""9"",0,"""",0,"""",""R"",0,""9"",0,""9"",0,""8"""
"354180155,""GDAŃSK-ŚWIBNO"",""2020"",""02"",""03"",6.6,"""",1.5,"""",3.4,"""",-.8,"""",1.9,"""",""W"",0,""9"",.0,""9"",6.2,"""",1.0,"""",.0,""9"",.0,""9"",.0,""9"",.0,""9"",.0,""9"",.0,""9"",.0,""9"",.0,""9"",.0,""9"",.0,""9"",.0,""9"",.0,""9"",.0,""9"",.0,""9"",6.0,"""",0,"""",0,"""",""Z"",1,"""",0,""9"",0,""8"""
"354180155,""GDAŃSK-ŚWIBNO"",""2020"",""02"",""04"",5.8,"""",1.4,"""",3.8,"""",-.4,"""",1.0,"""",""W"",0,""9"",.0,""9"",1.1,"""",4.6,"""",.0,""9"",.0,""9"",.0,""9"",.0,""9"",2.2,"""",.0,""9"",.0,""9"",.0,""9"",.0,""9"",.0,""9"",.0,""9"",.0,""9"",.0,""9"",.0,""9"",.0,""9"",0,"""",0,"""",""R"",0,""9"",0,""9"",0,""8"""
"354180155,""GDAŃSK-ŚWIBNO"",""2020"",""02"",""05"",4.9,"""",.7,"""",2.6,"""",-1.0,"""",.0,"""",""W"",0,""9"",.0,""9"",6.0,"""",.0,""9"",.0,""9"",.0,""9"",.0,""9"",.0,""9"",.0,""9"",.0,""9"",.0,""9"",.0,""9"",.0,""9"",.0,""9"",.0,""9"",.0,""9"",.0,""9"",.0,""9"",.0,""9"",0,"""",0,"""",""Z"",1,"""",0,""9"",0,""8"""
"354180155,""GDAŃSK-ŚWIBNO"",""2020"",""02"",""06"",6.5,"""",.7,"""",5.2,"""",-1.1,"""",.2,"""",""W"",0,""9"",.0,""9"",.0,""9"",5.1,"""",.0,""9"",.0,""9"",.0,""9"",.0,""9"",.0,""9"",.0,""9"",.0,""9"",.0,""9"",.0,""9"",.0,""9"",.0,""9"",.0,""9"",.0,""9"",.0,""9"",.0,""9"",0,"""",0,"""",""R"",0,""9"",0,""9"",0,""8"""
"354180155,""GDAŃSK-ŚWIBNO"",""2020"",""02"",""07"",5.3,"""",-1.6,"""",1.3,"""",-3.7,"""",.0,""9"","""",0,""9"",.0,""9"",8.6,"""",.0,""9"",.0,""9"",.0,""9"",.0,""9"",.0,""9"",.0,""9"",.0,""9"",.0,""9"",.0,""9"",.0,""9"",.0,""9"",.0,""9"",.0,""9"",.0,""9"",.0,""9"",11.0,"""",0,"""",0,"""",""Z"",1,"""",0,""9"",0,""8"""
"354180155,""GDAŃSK-ŚWIBNO"",""2020"",""02"",""08"",5.0,"""",-3.2,"""",.3,"""",-4.5,"""",.0,""9"","""",0,""9"",.0,""9"",8.1,"""",.0,""9"",.0,""9"",.0,""9"",.0,""9"",.0,""9"",6.8,"""",.0,""9"",.0,""9"",.0,""9"",.0,""9"",.0,""9"",.0,""9"",.0,""9"",.0,""9"",.0,""9"",8.0,"""",0,"""",0,"""",""Z"",5,"""",0,""9"",0,""8"""
"354180155,""GDAŃSK-ŚWIBNO"",""2020"",""02"",""09"",6.4,"""",-1.4,"""",2.8,"""",-2.3,"""",4.3,"""",""W"",0,""9"",.0,""9"",2.8,"""",1.2,"""",.0,""9"",.0,""9"",.0,""9"",.0,""9"",12.7,"""",.0,""9"",.0,""9"",.0,""9"",.0,""9"",.0,""9"",9.5,"""",.0,""9"",.0,""9"",.0,""9"",8.0,"""",0,"""",0,"""",""Z"",1,"""",0,""9"",0,""8"""
"354180155,""GDAŃSK-ŚWIBNO"",""2020"",""02"",""10"",10.2,"""",4.8,"""",6.6,"""",3.4,"""",2.6,"""",""S"",0,""9"",.0,""9"",2.1,"""",5.2,"""",.0,""9"",.0,""9"",.0,""9"",.0,""9"",.0,""9"",.0,""9"",.0,""9"",.0,""9"",.0,""9"",.0,""9"",3.5,"""",.0,""9"",.0,""9"",.0,""9"",.0,""9"",0,"""",0,"""",""R"",0,""9"",0,""9"",0,""8"""
"354180155,""GDAŃSK-ŚWIBNO"",""2020"",""02"",""11"",5.5,"""",.2,"""",3.3,"""",-.1,"""",4.0,"""",""S"",0,""9"",.0,""9"",.6,"""",2.0,"""",1.2,"""",1.3,"""",.0,""9"",.0,""9"",.0,""9"",.0,""9"",.0,""9"",.0,""9"",.0,""9"",.0,""9"",.2,"""",.0,""9"",.0,""9"",.0,""9"",.0,""9"",0,"""",0,"""",""R"",0,""9"",0,""9"",0,""8"""
"354180155,""GDAŃSK-ŚWIBNO"",""2020"",""02"",""12"",5.0,"""",2.3,"""",3.6,"""",1.2,"""",.1,"""",""W"",0,""9"",.0,""9"",.4,"""",7.3,"""",.0,""9"",.0,""9"",.0,""9"",.0,""9"",.0,""9"",.0,""9"",.0,""9"",.0,""9"",.0,""9"",.0,""9"",.5,"""",.0,""9"",.0,""9"",.0,""9"",.0,""9"",0,"""",0,"""",""R"",0,""9"",0,""9"",0,""8"""
"354180155,""GDAŃSK-ŚWIBNO"",""2020"",""02"",""13"",6.0,"""",.7,"""",3.0,"""",-1.5,"""",.0,"""",""W"",0,""9"",.0,""9"",2.8,"""",3.8,"""",.0,""9"",.0,""9"",.0,""9"",.0,""9"",.0,""9"",.0,""9"",.0,""9"",.0,""9"",.0,""9"",.0,""9"",.0,""9"",.0,""9"",.0,""9"",.0,""9"",2.0,"""",0,"""",0,"""",""R"",0,""9"",0,""9"",0,""8"""
"354180155,""GDAŃSK-ŚWIBNO"",""2020"",""02"",""14"",6.5,"""",-.3,"""",2.0,"""",-1.7,"""",.0,""9"","""",0,""9"",.0,""9"",7.1,"""",.0,""9"",.0,""9"",.0,""9"",.0,""9"",4.1,"""",.6,"""",.0,""9"",.0,""9"",.0,""9"",.0,""9"",.0,""9"",.0,""9"",.0,""9"",.0,""9"",.0,""9"",8.0,"""",0,"""",0,"""",""Z"",1,"""",0,""9"",0,""8"""
"354180155,""GDAŃSK-ŚWIBNO"",""2020"",""02"",""15"",4.2,"""",-3.1,"""",.5,"""",-4.8,"""",.0,""9"","""",0,""9"",.0,""9"",.0,""9"",.0,""9"",.0,""9"",.0,""9"",.0,""9"",.9,"""",23.1,"""",.0,""9"",.0,""9"",.0,""9"",.0,""9"",.0,""9"",.2,"""",.0,""9"",.0,""9"",.0,""9"",.0,""9"",0,"""",0,"""",""Z"",5,"""",0,""9"",0,""8"""
"354180155,""GDAŃSK-ŚWIBNO"",""2020"",""02"",""16"",11.3,"""",1.9,"""",7.4,"""",1.0,"""",.0,"""",""W"",0,""9"",.0,""9"",.4,"""",1.1,"""",.0,""9"",.0,""9"",.0,""9"",.0,""9"",4.0,"""",.0,""9"",.0,""9"",.0,""9"",.0,""9"",.0,""9"",.0,""9"",.0,""9"",.0,""9"",.0,""9"",.0,""9"",0,"""",0,"""",""R"",0,""9"",0,""9"",0,""8"""
"354180155,""GDAŃSK-ŚWIBNO"",""2020"",""02"",""17"",12.9,"""",6.7,"""",9.5,"""",4.6,"""",.6,"""",""W"",0,""9"",.0,""9"",5.6,"""",.8,"""",.0,""9"",.0,""9"",.0,""9"",.0,""9"",.0,""9"",.0,""9"",.0,""9"",.0,""9"",.0,""9"",.0,""9"",1.5,"""",.0,""9"",.0,""9"",.0,""9"",.0,""9"",0,"""",0,"""",""R"",0,""9"",0,""9"",0,""8"""
"354180155,""GDAŃSK-ŚWIBNO"",""2020"",""02"",""18"",8.8,"""",3.0,"""",5.0,"""",.2,"""",1.4,"""",""W"",0,""9"",.0,""9"",2.4,"""",4.3,"""",.0,""9"",.0,""9"",.0,""9"",.0,""9"",.0,""9"",.0,""9"",.0,""9"",.0,""9"",.0,""9"",.0,""9"",.2,"""",.0,""9"",.0,""9"",.0,""9"",.0,""9"",0,"""",0,"""",""R"",0,""9"",0,""9"",0,""8"""
"354180155,""GDAŃSK-ŚWIBNO"",""2020"",""02"",""19"",7.3,"""",2.0,"""",4.1,"""",.0,"""",.5,"""",""W"",0,""9"",.0,""9"",.2,"""",3.2,"""",.0,""9"",.0,""9"",.0,""9"",.0,""9"",.0,""9"",.0,""9"",.0,""9"",.0,""9"",.0,""9"",.0,""9"",.0,""9"",.0,""9"",.0,""9"",.0,""9"",.0,""9"",0,"""",0,"""",""R"",0,""9"",0,""9"",0,""8"""
"354180155,""GDAŃSK-ŚWIBNO"",""2020"",""02"",""20"",6.2,"""",-.5,"""",3.1,"""",-2.5,"""",.0,"""",""W"",0,""9"",.0,""9"",4.1,"""",.0,""9"",.0,""9"",.0,""9"",.0,""9"",.0,""9"",.5,"""",.0,""9"",.0,""9"",.0,""9"",.0,""9"",.0,""9"",.5,"""",.0,""9"",.0,""9"",.0,""9"",4.0,"""",0,"""",0,"""",""Z"",1,"""",0,""9"",0,""8"""
"354180155,""GDAŃSK-ŚWIBNO"",""2020"",""02"",""21"",8.5,"""",2.5,"""",4.7,"""",.9,"""",.2,"""",""W"",0,""9"",.0,""9"",4.2,"""",2.3,"""",.0,""9"",.0,""9"",.0,""9"",.0,""9"",1.7,"""",.0,""9"",.0,""9"",.0,""9"",.0,""9"",.0,""9"",.5,"""",.0,""9"",.0,""9"",.0,""9"",.0,""9"",0,"""",0,"""",""R"",0,""9"",0,""9"",0,""8"""
"354180155,""GDAŃSK-ŚWIBNO"",""2020"",""02"",""22"",8.6,"""",1.4,"""",5.7,"""",.0,"""",.6,"""",""W"",0,""9"",.0,""9"",.1,"""",1.0,"""",.0,""9"",.0,""9"",.0,""9"",.0,""9"",.0,""9"",.0,""9"",.0,""9"",.0,""9"",.0,""9"",.0,""9"",3.2,"""",.0,""9"",.0,""9"",.0,""9"",.0,""9"",0,"""",0,"""",""R"",0,""9"",0,""9"",0,""8"""
"354180155,""GDAŃSK-ŚWIBNO"",""2020"",""02"",""23"",8.5,"""",2.8,"""",5.4,"""",1.4,"""",1.3,"""",""W"",0,""9"",.0,""9"",3.9,"""",4.2,"""",.0,""9"",.0,""9"",.0,""9"",.0,""9"",.0,""9"",.0,""9"",.0,""9"",.0,""9"",.0,""9"",.0,""9"",3.5,"""",.0,""9"",.0,""9"",.0,""9"",.0,""9"",0,"""",0,"""",""R"",0,""9"",0,""9"",0,""8"""
"354180155,""GDAŃSK-ŚWIBNO"",""2020"",""02"",""24"",8.1,"""",3.0,"""",4.9,"""",2.0,"""",.1,"""",""W"",0,""9"",.0,""9"",6.1,"""",.2,"""",.0,""9"",.0,""9"",.0,""9"",.0,""9"",.0,""9"",.0,""9"",.0,""9"",.0,""9"",.0,""9"",.0,""9"",.0,""9"",.0,""9"",.0,""9"",.0,""9"",.0,""9"",0,"""",0,"""",""R"",0,""9"",0,""9"",0,""8"""
"354180155,""GDAŃSK-ŚWIBNO"",""2020"",""02"",""25"",10.2,"""",2.3,"""",5.0,"""",.7,"""",.5,"""",""W"",0,""9"",.0,""9"",3.6,"""",6.7,"""",.0,""9"",.0,""9"",.0,""9"",.0,""9"",.0,""9"",.0,""9"",.0,""9"",.0,""9"",.0,""9"",.0,""9"",.0,""9"",.0,""9"",.0,""9"",.0,""9"",.0,""9"",0,"""",0,"""",""R"",0,""9"",0,""9"",0,""8"""
"354180155,""GDAŃSK-ŚWIBNO"",""2020"",""02"",""26"",7.8,"""",1.2,"""",3.3,"""",-.4,"""",.0,"""",""S"",0,""9"",.0,""9"",3.2,"""",.0,""9"",.0,""9"",.0,""9"",.0,""9"",.0,""9"",.0,""9"",.0,""9"",.0,""9"",.0,""9"",.0,""9"",.0,""9"",.0,""9"",.0,""9"",.0,""9"",.0,""9"",2.0,"""",0,"""",0,"""","""",0,""9"",0,""9"",0,""8"""
"354180155,""GDAŃSK-ŚWIBNO"",""2020"",""02"",""27"",4.8,"""",-1.1,"""",1.6,"""",-2.8,"""",.0,""9"","""",0,"""",.0,""9"",3.7,"""",.0,""9"",.3,"""",.0,""9"",.0,""9"",.0,""9"",.0,""9"",.0,""9"",.0,""9"",.0,""9"",.0,""9"",.0,""9"",.0,""9"",.0,""9"",.0,""9"",.0,""9"",5.7,"""",0,"""",0,"""",""Z"",1,"""",0,""9"",0,""8"""
"354180155,""GDAŃSK-ŚWIBNO"",""2020"",""02"",""28"",7.0,"""",-1.1,"""",2.5,"""",-3.0,"""",.1,"""",""W"",0,""9"",.0,""9"",6.4,"""",.9,"""",.0,""9"",.0,""9"",.0,""9"",.0,""9"",.0,""9"",.0,""9"",.0,""9"",.0,""9"",.0,""9"",.0,""9"",.0,""9"",.0,""9"",.0,""9"",.0,""9"",.0,""9"",0,"""",0,"""",""Z"",1,"""",0,""9"",0,""8"""
"354180155,""GDAŃSK-ŚWIBNO"",""2020"",""02"",""29"",5.8,"""",.0,"""",2.7,"""",-1.4,"""",1.5,"""",""W"",0,""9"",.0,""9"",1.7,"""",2.6,"""",.0,""9"",.0,""9"",.0,""9"",.0,""9"",.0,""9"",.0,""9"",.0,""9"",.0,""9"",.0,""9"",.0,""9"",1.2,"""",.0,""9"",.0,""9"",.0,""9"",.0,""9"",0,"""",0,"""",""Z"",1,"""",0,""9"",0,""8"""
"354190160,""ELBLĄG-MILEJEWO"",""2020"",""02"",""01"",9.3,"""",4.5,"""",7.3,"""",4.2,"""",8.3,"""",""W"",0,""9"",.0,""9"",.0,""9"",7.9,"""",.0,""9"",.0,""9"",.0,""9"",1.3,"""",15.4,"""",.0,""9"",.0,""9"",.0,""9"",.0,""9"",.0,""9"",.0,""9"",.0,""9"",.0,""9"",.0,""9"",.0,""9"",0,"""",0,"""",""R"",0,""9"",0,""9"",0,""8"""
"354190160,""ELBLĄG-MILEJEWO"",""2020"",""02"",""02"",8.7,"""",3.3,"""",4.6,"""",2.9,"""",1.1,"""",""S"",0,""9"",.0,""9"",3.5,"""",1.7,"""",.0,""9"",.0,""9"",.0,""9"",.0,""9"",.0,""9"",.0,""9"",.0,""9"",.0,""9"",.0,""9"",.0,""9"",.5,"""",.0,""9"",.0,""9"",.0,""9"",.0,""9"",0,"""",0,"""",""R"",0,""9"",0,""9"",0,""8"""
"354190160,""ELBLĄG-MILEJEWO"",""2020"",""02"",""03"",3.9,"""",-.1,"""",1.6,"""",-1.9,"""",1.9,"""",""W"",0,"""",.0,""9"",5.6,"""",1.2,"""",.1,"""",.1,"""",.0,""9"",.3,"""",2.5,"""",.0,""9"",.0,""9"",.0,""9"",.0,""9"",.0,""9"",.0,""9"",.0,""9"",.0,""9"",.0,""9"",.0,""9"",0,"""",0,"""",""Z"",1,"""",0,""9"",0,""8"""
"354190160,""ELBLĄG-MILEJEWO"",""2020"",""02"",""04"",3.7,"""",-.2,"""",2.2,"""",-1.4,"""",2.3,"""",""S"",0,""9"",.0,""9"",1.4,"""",3.9,"""",2.1,"""",.0,""9"",.0,""9"",2.8,"""",10.2,"""",.0,""9"",.0,""9"",.0,""9"",.0,""9"",.0,""9"",.0,""9"",.0,""9"",.0,""9"",.0,""9"",.0,""9"",0,"""",0,"""",""R"",0,""9"",0,""9"",0,""8"""
"354190160,""ELBLĄG-MILEJEWO"",""2020"",""02"",""05"",2.7,"""",-3.4,"""",-.6,"""",-4.2,"""",.8,"""",""S"",0,"""",.0,""9"",4.8,"""",.0,""9"",1.5,"""",.0,""9"",.0,""9"",.0,""9"",.0,""9"",.0,""9"",.0,""9"",.0,""9"",.0,""9"",.0,""9"",.0,""9"",.0,""9"",.0,""9"",.0,""9"",.0,""9"",0,"""",0,"""",""Z"",6,"""",0,""9"",0,""8"""
"354190160,""ELBLĄG-MILEJEWO"",""2020"",""02"",""06"",4.4,"""",-.6,"""",2.7,"""",-.9,"""",.4,"""",""W"",0,""9"",.0,""9"",.0,""9"",8.6,"""",.0,""9"",.8,"""",.0,""9"",.0,""9"",10.7,"""",.0,""9"",.0,""9"",.0,""9"",.0,""9"",.0,""9"",.0,""9"",.0,""9"",.0,""9"",.0,""9"",.0,""9"",0,"""",0,"""",""R"",0,""9"",0,""9"",0,""8"""
"354190160,""ELBLĄG-MILEJEWO"",""2020"",""02"",""07"",3.6,"""",-4.6,"""",-1.1,"""",-5.4,"""",.0,""9"","""",0,""9"",.0,""9"",8.9,"""",.0,""9"",.0,""9"",.0,""9"",.0,""9"",.0,""9"",1.2,"""",.0,""9"",.0,""9"",.0,""9"",.0,""9"",.0,""9"",.0,""9"",.0,""9"",.0,""9"",.0,""9"",7.0,"""",0,"""",0,"""",""Z"",7,"""",0,""9"",0,""8"""
"354190160,""ELBLĄG-MILEJEWO"",""2020"",""02"",""08"",3.8,"""",-3.5,"""",.1,"""",-3.7,"""",.0,""9"","""",0,""9"",.0,""9"",8.5,"""",.0,""9"",.0,""9"",.0,""9"",.0,""9"",.0,""9"",.3,"""",.0,""9"",.0,""9"",.0,""9"",.0,""9"",.0,""9"",.0,""9"",.0,""9"",.0,""9"",.0,""9"",8.0,"""",0,"""",0,"""",""Z"",10,"""",0,""9"",0,""8"""
"354190160,""ELBLĄG-MILEJEWO"",""2020"",""02"",""09"",5.6,"""",-.6,"""",2.6,"""",-1.0,"""",5.7,"""",""W"",0,""9"",.0,""9"",6.1,"""",.3,"""",.0,""9"",.0,""9"",.0,""9"",.0,""9"",10.8,"""",.0,""9"",.0,""9"",.0,""9"",.0,""9"",.0,""9"",6.0,"""",.0,""9"",.0,""9"",.0,""9"",.0,""9"",0,"""",0,"""",""Z"",9,"""",0,""9"",0,""8"""
